{
  "provincias": [
    {
      "nombre": "Buenos Aires",
      "pymesTotal": 265470  ,
      "pymesRegistradas": 78705,
      "industriaReg": 10925,
      "industriaTotal": 34617  ,
      "agroReg": 15017,
      "agroTotal": 22574,
      "comercioReg": 22416,
      "comercioTotal": 93381  ,
      "servicioReg": 26948,
      "servicioTotal": 100034  ,
      "construccionReg": 3336,
      "construccionTotal":14686  ,
      "mineriaReg": 63,
      "mineriaTotal": 178
    },
     {
      "nombre": "CABA",
      "pymesTotal": 200148  ,
      "pymesRegistradas": 95451,
      "industriaReg": 7106,
      "industriaTotal": 18950  ,
      "agroReg": 3027,
      "agroTotal": 10129  ,
      "comercioReg": 11111,
      "comercioTotal": 48091  ,
      "servicioReg": 24662,
      "servicioTotal": 113195  ,
      "construccionReg": 2384,
      "construccionTotal": 9407  ,
       "mineriaReg": 51,
      "mineriaTotal": 376
    },
    {
      "nombre": "Córdoba",
      "pymesTotal": 82089  ,
      "pymesRegistradas": 34262,
      "industriaReg": 3221,
      "industriaTotal": 8044  ,
      "agroReg": 10366,
      "agroTotal": 12200  ,
      "comercioReg": 8196,
      "comercioTotal": 24369  ,
      "servicioReg": 11417,
      "servicioTotal": 34166  ,
      "construccionReg": 1009,
      "construccionTotal": 3136  ,
       "mineriaReg":53,
      "mineriaTotal": 173
    },
    {
      "nombre": "Corrientes",
      "pymesTotal": 11487  ,
      "pymesRegistradas": 2920,
      "industriaReg": 173,
      "industriaTotal": 656  ,
      "agroReg": 637,
      "agroTotal": 2292  ,
      "comercioReg": 955,
      "comercioTotal": 4149  ,
      "servicioReg": 1001,
      "servicioTotal": 3776  ,
      "construccionReg": 145,
      "construccionTotal": 595  ,
       "mineriaReg": 9,
      "mineriaTotal": 19
    },
     {
      "nombre": "Entre Rios",
      "pymesTotal": 23931 ,
      "pymesRegistradas": 10300,
      "industriaReg": 732,
      "industriaTotal": 2009  ,
      "agroReg": 3180,
      "agroTotal": 4842  ,
      "comercioReg": 2755,
      "comercioTotal": 7900  ,
      "servicioReg": 3286,
      "servicioTotal": 8245  ,
      "construccionReg": 327,
      "construccionTotal": 887  ,
       "mineriaReg": 20,
      "mineriaTotal": 48
    },
    {
      "nombre": "Formosa",
      "pymesTotal": 3465  ,
      "pymesRegistradas": 1220,
      "industriaReg": 57,
      "industriaTotal": 160  ,
      "agroReg": 118,
      "agroTotal": 447  ,
      "comercioReg": 596,
      "comercioTotal": 1480  ,
      "servicioReg": 364,
      "servicioTotal": 1118  ,
      "construccionReg": 82,
      "construccionTotal": 255  ,
       "mineriaReg": 3,
      "mineriaTotal": 5
    },
     {
      "nombre": "Jujuy",
      "pymesTotal": 6736  ,
      "pymesRegistradas": 697,
      "industriaReg": 60,
      "industriaTotal": 359  ,
      "agroReg": 67,
      "agroTotal": 1240  ,
      "comercioReg": 262,
      "comercioTotal": 2263  ,
      "servicioReg": 274,
      "servicioTotal": 2589  ,
      "construccionReg": 31,
      "construccionTotal": 259  ,
       "mineriaReg": 3,
      "mineriaTotal": 26
    },

     {
      "nombre": "Río Negro",
      "pymesTotal": 14842  ,
      "pymesRegistradas": 3656,
      "industriaReg": 217,
      "industriaTotal": 817  ,
      "agroReg": 407,
      "agroTotal": 1897  ,
      "comercioReg": 1165,
      "comercioTotal": 5120  ,
      "servicioReg": 1703,
      "servicioTotal": 6259  ,
      "construccionReg": 143,
      "construccionTotal": 681  ,
       "mineriaReg": 21,
      "mineriaTotal": 68
    },
    {
      "nombre": "Catamarca",
      "pymesTotal": 4181  ,
      "pymesRegistradas": 496,
      "industriaReg": 50,
      "industriaTotal": 283  ,
      "agroReg": 66,
      "agroTotal": 335  ,
      "comercioReg": 205,
      "comercioTotal": 1834  ,
      "servicioReg": 123,
      "servicioTotal": 1486  ,
      "construccionReg": 46,
      "construccionTotal": 229  ,
       "mineriaReg": 6,
      "mineriaTotal": 13
    },
    {
      "nombre": "Santa Cruz",
      "pymesTotal": 5725  ,
      "pymesRegistradas": 1003,
      "industriaReg": 53,
      "industriaTotal": 305  ,
      "agroReg": 44,
      "agroTotal": 327  ,
      "comercioReg": 317,
      "comercioTotal": 2142  ,
      "servicioReg": 525,
      "servicioTotal": 2605  ,
      "construccionReg": 56,
      "construccionTotal": 276  ,
       "mineriaReg": 8,
      "mineriaTotal": 70
    },
    {
      "nombre": "Santa Fe",
      "pymesTotal": 78425  ,
      "pymesRegistradas": 35778,
      "industriaReg": 3959,
      "industriaTotal": 9090  ,
      "agroReg": 9972,
      "agroTotal": 11721  ,
      "comercioReg": 9053,
      "comercioTotal": 23030  ,
      "servicioReg": 11569,
      "servicioTotal": 31377  ,
      "construccionReg": 1205,
      "construccionTotal": 3169  ,
       "mineriaReg": 20,
      "mineriaTotal": 39
    },
      {
      "nombre": "Santiago del Estero",
      "pymesTotal": 7259  ,
      "pymesRegistradas": 1301,
      "industriaReg": 81,
      "industriaTotal": 425  ,
      "agroReg":198,
      "agroTotal": 642  ,
      "comercioReg": 503,
      "comercioTotal": 3270  ,
      "servicioReg": 448,
      "servicioTotal": 2395  ,
      "construccionReg": 68,
      "construccionTotal": 507  ,
       "mineriaReg": 3,
      "mineriaTotal": 20
    },
    {
      "nombre": "Tierra del Fuego",
      "pymesTotal": 3899  ,
      "pymesRegistradas": 376,
      "industriaReg": 28,
      "industriaTotal": 264  ,
      "agroReg": 14,
      "agroTotal": 110  ,
      "comercioReg": 85,
      "comercioTotal": 1066  ,
      "servicioReg": 234,
      "servicioTotal": 2076  ,
      "construccionReg": 14,
      "construccionTotal": 373  ,
       "mineriaReg": 1,
      "mineriaTotal": 11
    },
     {
      "nombre": "Tucuman",
      "pymesTotal": 17548  ,
      "pymesRegistradas": 2809,
      "industriaReg": 196,
      "industriaTotal": 1049  ,
      "agroReg": 537,
      "agroTotal": 2231  ,
      "comercioReg": 838,
      "comercioTotal": 6021  ,
      "servicioReg": 1089,
      "servicioTotal": 7243  ,
      "construccionReg": 145,
      "construccionTotal": 990  ,
       "mineriaReg": 4,
      "mineriaTotal": 15
    },
     {
      "nombre": "San Juan",
      "pymesTotal": 10321  ,
      "pymesRegistradas": 1401,
      "industriaReg": 190,
      "industriaTotal": 1054  ,
      "agroReg": 273,
      "agroTotal": 1831  ,
      "comercioReg": 396,
      "comercioTotal": 3166  ,
      "servicioReg": 441,
      "servicioTotal": 3551  ,
      "construccionReg": 85,
      "construccionTotal": 628  ,
       "mineriaReg": 16,
      "mineriaTotal": 90
    },
    {
      "nombre": "San Luis",
      "pymesTotal": 7204  ,
      "pymesRegistradas": 1713,
      "industriaReg": 160,
      "industriaTotal": 660  ,
      "agroReg": 322,
      "agroTotal": 580  ,
      "comercioReg": 476,
      "comercioTotal": 2538  ,
      "servicioReg": 619,
      "servicioTotal": 2870  ,
      "construccionReg": 120,
      "construccionTotal": 506  ,
       "mineriaReg": 16,
      "mineriaTotal": 51
    },
      {
      "nombre": "La Pampa",
      "pymesTotal": 8535  ,
      "pymesRegistradas": 4527,
      "industriaReg": 208,
      "industriaTotal": 502  ,
      "agroReg": 1859,
      "agroTotal": 1978  ,
      "comercioReg": 1042,
      "comercioTotal": 2700  ,
      "servicioReg": 1311,
      "servicioTotal": 3089  ,
      "construccionReg": 102,
      "construccionTotal": 248  ,
       "mineriaReg": 5,
      "mineriaTotal": 19
    },
    {
      "nombre": "La Rioja",
      "pymesTotal": 3326  ,
      "pymesRegistradas": 440,
      "industriaReg": 48,
      "industriaTotal": 216  ,
      "agroReg": 59,
      "agroTotal": 312  ,
      "comercioReg": 166,
      "comercioTotal": 1499  ,
      "servicioReg": 154,
      "servicioTotal": 1098  ,
      "construccionReg": 13,
      "construccionTotal": 188  ,
       "mineriaReg": 0,
      "mineriaTotal": 12
    },
     {
      "nombre": "Mendoza",
      "pymesTotal": 34665  ,
      "pymesRegistradas": 9129,
      "industriaReg": 1173,
      "industriaTotal": 3384  ,
      "agroReg": 1366,
      "agroTotal": 6473  ,
      "comercioReg": 2476,
      "comercioTotal": 9196  ,
      "servicioReg": 3614,
      "servicioTotal": 13770  ,
      "construccionReg": 467,
      "construccionTotal": 1721  ,
       "mineriaReg": 33,
      "mineriaTotal": 121
    },
    {
      "nombre": "Misiones",
      "pymesTotal": 13490  ,
      "pymesRegistradas": 2944,
      "industriaReg": 372,
      "industriaTotal": 1482  ,
      "agroReg": 408,
      "agroTotal": 2268  ,
      "comercioReg": 1013,
      "comercioTotal": 4550  ,
      "servicioReg": 1010,
      "servicioTotal": 4455  ,
      "construccionReg": 133,
      "construccionTotal": 697  ,
       "mineriaReg": 8,
      "mineriaTotal": 38
    },
    {
      "nombre": "Chubut",
      "pymesTotal": 12474  ,
      "pymesRegistradas": 2651,
      "industriaReg": 170,
      "industriaTotal": 718  ,
      "agroReg": 186,
      "agroTotal": 1073  ,
      "comercioReg": 853,
      "comercioTotal": 4320  ,
      "servicioReg": 1265,
      "servicioTotal": 5481  ,
      "construccionReg": 144,
      "construccionTotal": 730  ,
       "mineriaReg": 33,
      "mineriaTotal": 151
    },
    {
      "nombre": "Chaco",
      "pymesTotal": 12356  ,
      "pymesRegistradas": 2310,
      "industriaReg": 168,
      "industriaTotal": 806  ,
      "agroReg": 536,
      "agroTotal": 2939  ,
      "comercioReg": 798,
      "comercioTotal": 4545  ,
      "servicioReg": 695,
      "servicioTotal": 3456  ,
      "construccionReg": 112,
      "construccionTotal": 605  ,
       "mineriaReg": 1,
      "mineriaTotal": 5
    },
    {
      "nombre": "Neuquén",
      "pymesTotal": 12234  ,
      "pymesRegistradas": 3096,
      "industriaReg": 189,
      "industriaTotal": 642  ,
      "agroReg": 91,
      "agroTotal": 476  ,
      "comercioReg": 934,
      "comercioTotal": 4412  ,
      "servicioReg": 1635,
      "servicioTotal": 5717  ,
      "construccionReg": 203,
      "construccionTotal": 817  ,
       "mineriaReg": 44,
      "mineriaTotal": 169
    },
    {
      "nombre": "Salta",
      "pymesTotal": 14076  ,
      "pymesRegistradas": 2542,
      "industriaReg": 161,
      "industriaTotal": 775  ,
      "agroReg": 391,
      "agroTotal": 2410  ,
      "comercioReg":756,
      "comercioTotal": 4746  ,
      "servicioReg": 1064,
      "servicioTotal": 5334  ,
      "construccionReg": 143,
      "construccionTotal": 714  ,
       "mineriaReg": 27,
      "mineriaTotal": 96
    }
  ]
}
